{
  "ext/fragment/PlanningCalendarFragment.js": 1748526588518,
  "manifest.json": 1748500075847,
  "ext/controller/OpenPage.ts": 1748500075851,
  "ext/fragment/PlanningCalendarFragment.ts": 1748480271250,
  "Component.ts": 1748322407590,
  "ext/fragment/PlanningCalendarFragment.js.map": 1748526588794,
  "ext/controller/OpenPage.js.map": 1748526588791,
  "Component.js.map": 1748526588786,
  "i18n/i18n.properties": 1748392628217,
  "ext/controller/OpenPage.js": 1748526588518,
  "Component.js": 1748526588518,
  "ext/fragment/PlanningCalendarFragment-dbg.js": 1748526588518,
  "ext/fragment/PlanningCalendarFragment-dbg.js.map": 1748526588528,
  "ext/controller/OpenPage-dbg.js": 1748526588518,
  "ext/controller/OpenPage-dbg.js.map": 1748526588531,
  "Component-dbg.js": 1748526588518,
  "Component-dbg.js.map": 1748526588531,
  "Component-preload.js": 1748526588924,
  "Component-preload.js.map": 1748526588924,
  "ext/fragment/PlanningCalendarFragment.fragment.xml": 1748525269726,
  "index.html": 1748322407582
}